title,entities,Genre,Artist,Image URL,Permalink,detected_substrings,img_availability,img_name
「東海道　京都之内」「大内能上覧図」,"[(1, 4, 'PLACE'), (5, 7, 'PLACE')]", 名所絵  京都  能楽  紅葉狩 , 芳年,https://www.arc.ritsumei.ac.jp/archive01/theater/image/PB/arc/Prints/arcUP/arcUP0542.jpg,https://www.dh-jac.net/db/nishikie/arcUP0542/2021d7/,"['東海道', '京都']",True,000.jpg
「東海道　京都名所之内」「四条河原」,"[(1, 4, 'PLACE'), (5, 7, 'PLACE'), (13, 17, 'PLACE')]", 京都関連  , 豊国,https://www.arc.ritsumei.ac.jp/archive01/theater/image/PB/arc/Prints/arcUP/arcUP0544.jpg,https://www.dh-jac.net/db/nishikie/arcUP0544/2021d7/,"['東海道', '京都']",True,001.jpg
「東海道名所之内」「御能拝見之図」,"[(1, 4, 'PLACE')]", 能楽, 暁斎,https://www.arc.ritsumei.ac.jp/archive01/theater/image/PB/arc/Prints/arcUP/arcUP1649.jpg,https://www.dh-jac.net/db/nishikie/arcUP1649/2021d7/,['東海道'],True,002.jpg
「東海道」「京都  紫震殿」,"[(1, 4, 'PLACE'), (6, 8, 'PLACE'), (9, 12, 'PLACE')]",名所絵,芳盛 ,https://www.arc.ritsumei.ac.jp/archive01/theater/image/PB/arc/Prints/arcUP/arcUP1732.jpg,https://www.dh-jac.net/db/nishikie/arcUP1732/2021d7/,"['東海道', '京都']",True,003.jpg
「東海道之内」「京都参内」,"[(1, 4, 'PLACE'), (8, 10, 'PLACE')]",名所絵 , 芳盛,https://www.arc.ritsumei.ac.jp/archive01/theater/image/PB/arc/Prints/arcUP/arcUP1733.jpg,https://www.dh-jac.net/db/nishikie/arcUP1733/2021d7/,"['東海道', '京都']",True,004.jpg
「東海道之内」「京」「大内蹴鞠之遊覧」,"[(1, 4, 'PLACE'), (8, 9, 'PLACE'), (11, 13, 'PLACE')]",名所絵, 芳盛,https://www.arc.ritsumei.ac.jp/archive01/theater/image/PB/arc/Prints/arcUP/arcUP1734.jpg,https://www.dh-jac.net/db/nishikie/arcUP1734/2021d7/,['東海道'],True,005.jpg
「東海道名所之内」「上加茂」「岩本社」「三本杉」「片岡社」「楼門」「御供所」「若宮」「別雷皇太神宮」「杉尾社」「仮殿」,"[(1, 4, 'PLACE'), (10, 13, 'PLACE'), (15, 18, 'PLACE'), (20, 23, 'PLACE'), (25, 28, 'PLACE'), (30, 32, 'PLACE'), (34, 37, 'PLACE'), (39, 41, 'PLACE'), (43, 49, 'PLACE'), (51, 54, 'PLACE'), (56, 58, 'PLACE')]",京都関連  名所絵 ,豊国,https://www.arc.ritsumei.ac.jp/archive01/theater/image/PB/arc/Prints/arcUP/arcUP1735.jpg,https://www.dh-jac.net/db/nishikie/arcUP1735/2021d7/,['東海道'],True,006.jpg
「東海道名所之内」「京加茂」「山科」「黒谷」「吉田山」「将軍塚」「比叡山」「比良」,"[(1, 4, 'PLACE'), (10, 13, 'PLACE'), (15, 17, 'PLACE'), (19, 21, 'PLACE'), (23, 26, 'PLACE'), (28, 31, 'PLACE'), (33, 36, 'PLACE'), (38, 40, 'PLACE')]",京都関連  名所絵 , 国貞,https://www.arc.ritsumei.ac.jp/archive01/theater/image/PB/arc/Prints/arcUP/arcUP1736.jpg,https://www.dh-jac.net/db/nishikie/arcUP1736/2021d7/,['東海道'],True,007.jpg
「東海道名所之内」「加茂の競馬」,"[(1, 4, 'PLACE'), (10, 12, 'PLACE')]",京都関連  名所絵 ,暁斎,https://www.arc.ritsumei.ac.jp/archive01/theater/image/PB/arc/Prints/arcUP/arcUP1737.jpg,https://www.dh-jac.net/db/nishikie/arcUP1737/2021d7/,['東海道'],True,008.jpg
「東海道名所之内」「糺河原」「糺川原」「みたらし川」「河合社」,"[(1, 4, 'PLACE'), (10, 13, 'PLACE'), (15, 18, 'PLACE'), (20, 25, 'PLACE'), (27, 30, 'PLACE')]",京都関連, 豊国,https://www.arc.ritsumei.ac.jp/archive01/theater/image/PB/arc/Prints/arcUP/arcUP1738.jpg,https://www.dh-jac.net/db/nishikie/arcUP1738/2021d7/,['東海道'],True,009.jpg
「東海道名所之内」「祇園祭礼」,"[(1, 4, 'PLACE'), (10, 12, 'PLACE')]",京都関連  祇園祭,芳艶,https://www.arc.ritsumei.ac.jp/archive01/theater/image/PB/arc/Prints/arcUP/arcUP1739.jpg,https://www.dh-jac.net/db/nishikie/arcUP1739/2021d7/,['東海道'],True,010.jpg
「東海道 京都名所之内」「島原」,"[(1, 4, 'PLACE'), (5, 7, 'PLACE'), (13, 15, 'PLACE')]",京都関連 ,芳幾,https://www.arc.ritsumei.ac.jp/archive01/theater/image/PB/arc/Prints/arcUP/arcUP1740.jpg,https://www.dh-jac.net/db/nishikie/arcUP1740/2021d7/,"['東海道', '京都']",True,011.jpg
「東海道名所」「京洛中ノ内」「五条橋」,"[(1, 4, 'PLACE'), (8, 10, 'PLACE'), (15, 18, 'PLACE')]",名所絵,芳盛,https://www.arc.ritsumei.ac.jp/archive01/theater/image/PB/arc/Prints/arcUP/arcUP1741.jpg,https://www.dh-jac.net/db/nishikie/arcUP1741/2021d7/,['東海道'],True,012.jpg
「東海道名所之内」「京都等持院足利十五代木像之図」,"[(1, 4, 'PLACE'), (10, 15, 'PLACE'), (12, 15, 'PLACE')]",京都関連, 暁斎,https://www.arc.ritsumei.ac.jp/archive01/theater/image/PB/arc/Prints/arcUP/arcUP1742.jpg,https://www.dh-jac.net/db/nishikie/arcUP1742/2021d7/,"['東海道', '京都']",True,013.jpg
「東海道名所つゝき」「羅生門之古図」「春雨ノ社」「金札石刀石トモ云」「鬼カミノハシラ」,"[(1, 4, 'PLACE'), (11, 14, 'PLACE'), (19, 23, 'PLACE')]",京都関連, 暁斎,https://www.arc.ritsumei.ac.jp/archive01/theater/image/PB/arc/Prints/arcUP/arcUP1743.jpg,https://www.dh-jac.net/db/nishikie/arcUP1743/2021d7/,['東海道'],True,014.jpg
「東海道之内」「京都御出立」,"[(1, 4, 'PLACE'), (8, 10, 'PLACE')]",名所絵, 芳盛,https://www.arc.ritsumei.ac.jp/archive01/theater/image/PB/arc/Prints/arcUP/arcUP1931.jpg,https://www.dh-jac.net/db/nishikie/arcUP1931/2021d7/,"['東海道', '京都']",True,015.jpg
「東海道名所之内」「下加茂」「☆☆との」「いのうへ社」「二言社」「御供所」「本社御租神」「石☆社」,"[(1, 4, 'PLACE'), (10, 13, 'PLACE'), (21, 26, 'PLACE'), (28, 31, 'PLACE'), (33, 36, 'PLACE'), (38, 43, 'PLACE'), (45, 48, 'PLACE')]",京都関連, 豊国,https://www.arc.ritsumei.ac.jp/archive01/theater/image/PB/arc/Prints/arcUP/arcUP2017.jpg,https://www.dh-jac.net/db/nishikie/arcUP2017/2021d7/,['東海道'],True,016.jpg
「東海道名所之内」「宇治」,"[(1, 4, 'PLACE'), (10, 12, 'PLACE')]",京都関連, 国貞,https://www.arc.ritsumei.ac.jp/archive01/theater/image/PB/arc/Prints/arcUP/arcUP2018.jpg,https://www.dh-jac.net/db/nishikie/arcUP2018/2021d7/,['東海道'],True,017.jpg
「都名所之内」「広沢池秋の月」「遍照寺山」「いけ浦」「愛宕山」,"[(1, 2, 'PLACE'), (8, 11, 'PLACE'), (16, 20, 'PLACE'), (22, 25, 'PLACE'), (27, 30, 'PLACE')]", 名所絵  京都関連,貞信,https://www.arc.ritsumei.ac.jp/archive01/theater/image/PB/arc/Prints/arcUP/arcUP1662.jpg,https://www.dh-jac.net/db/nishikie/arcUP1662/2021d7/,['広沢池'],True,018.jpg
「都名所之内」「広沢池秋の月」「遍照寺山」「いけ浦」,"[(1, 2, 'PLACE'), (8, 11, 'PLACE'), (16, 20, 'PLACE'), (22, 25, 'PLACE')]", 名所絵  京都関連, 貞信,https://www.arc.ritsumei.ac.jp/archive01/theater/image/PB/arc/Prints/arcUP/arcUP2573.jpg,https://www.dh-jac.net/db/nishikie/arcUP2573/2021d7/,['広沢池'],True,019.jpg
「都名所之内」「広沢池秋の月」「遍照寺山」「いけ浦」「愛宕山」,"[(1, 2, 'PLACE'), (8, 11, 'PLACE'), (16, 20, 'PLACE'), (22, 25, 'PLACE'), (27, 30, 'PLACE')]",名所絵  京都関連,貞信,https://www.arc.ritsumei.ac.jp/archive01/theater/image/PB/arc/Prints/arcUP/arcUP2574.jpg,https://www.dh-jac.net/db/nishikie/arcUP2574/2021d7/,['広沢池'],True,020.jpg
「京都名所之内」「金閣寺」,"[(1, 2, 'PLACE'), (9, 12, 'PLACE')]", 京都関連,芳梅 ,https://www.arc.ritsumei.ac.jp/archive01/theater/image/PB/arc/Prints/arcUP/arcUP1760.jpg,https://www.dh-jac.net/db/nishikie/arcUP1760/2021d7/,['京都'],True,021.jpg
「諸国名所百景」「京都祇園祭礼」,"[(9, 11, 'PLACE')]",京都関係, 広重,https://www.arc.ritsumei.ac.jp/archive01/theater/image/PB/arc/Prints/arcUP/arcUP2016.jpg,https://www.dh-jac.net/db/nishikie/arcUP2016/2021d7/,['京都'],True,022.jpg
「京都大仏殿大鐘楼」,"[(1, 9, 'PLACE')]", 名所絵  京都関連, 亀井藤兵衛,https://www.arc.ritsumei.ac.jp/archive01/theater/image/PB/arc/Prints/arcUP/arcUP2238.jpg,https://www.dh-jac.net/db/nishikie/arcUP2238/2021d7/,['京都'],True,023.jpg
「京都諸大家筆　平安諸大家名所画譜目録」,"[(1, 3, 'PLACE'), (7, 9, 'PLACE')]", 京都関連, 無款,https://www.arc.ritsumei.ac.jp/archive01/theater/image/PB/arc/Prints/arcUP/arcUP2354b.jpg,https://www.dh-jac.net/db/nishikie/arcUP2354b/2021d7/,['京都'],True,024.jpg
「江戸名所百人美女」「するがだい」,"[(1, 3, 'PLACE'), (11, 16, 'PLACE')]",江戸  名所案内記  図絵,豊国,https://data.ukiyo-e.org/metro/images/025-C001-003.jpg,https://www.dh-jac.net/db/nishikie/025-C001-003/2021d7/,['江戸'],True,025.jpg
「江戸名所百人美女日本はし」,"[(1, 3, 'PLACE'), (9, 13, 'PLACE')]", 江戸  名所案内記  図絵,豊国,https://data.ukiyo-e.org/metro/images/025-C001-006.jpg,https://www.dh-jac.net/db/nishikie/025-C001-006/2021d7/,['江戸'],True,026.jpg
「江戸名所百人美女」  「柳はし」,"[(1, 3, 'PLACE'), (11, 14, 'PLACE')]", 江戸  名所案内記  図絵,豊国,https://data.ukiyo-e.org/metro/images/025-C001-009.jpg,https://www.dh-jac.net/db/nishikie/025-C001-009/2021d7/,['江戸'],True,027.jpg
「江戸名所百人美女」「鎧のわたし」,"[(1, 3, 'PLACE'), (11, 16, 'PLACE')]",江戸  名所案内記  図絵  ,豊国,https://data.ukiyo-e.org/metro/images/025-C001-015.jpg,https://www.dh-jac.net/db/nishikie/025-C001-015/2021d7/,['江戸'],True,028.jpg
「江戸名所道戯盡」「二」「両国の夕立」,"[(1, 3, 'PLACE'), (13, 15, 'PLACE')]",江戸  名所案内記  図絵, 広景,https://data.ukiyo-e.org/metro/images/025-C003-003.jpg,https://www.dh-jac.net/db/nishikie/025-C003-003/2021d7/,['江戸'],True,029.jpg
「江戸名所道戯盡」「四」「御茶の水の釣人」,"[(1, 3, 'PLACE'), (13, 17, 'PLACE')]", 各区  本郷  小石川（第四大区）  本郷 , 広景,https://data.ukiyo-e.org/metro/images/0451-C003.jpg,https://www.dh-jac.net/db/nishikie/0451-C003/2021d7/,['江戸'],True,030.jpg
「江戸名所道戯盡」「五」「飛鳥山の花見」,"[(1, 3, 'PLACE'), (13, 15, 'PLACE')]", 江戸  名所案内記  図絵, 広景,https://data.ukiyo-e.org/metro/images/025-C003-006.jpg,https://www.dh-jac.net/db/nishikie/025-C003-006/2021d7/,['江戸'],True,031.jpg
「江戸名所道外盡」「六」「不忍池」,"[(1, 3, 'PLACE'), (13, 16, 'PLACE')]", 江戸  名所案内記  図絵, 広景,https://data.ukiyo-e.org/metro/images/025-C003-007.jpg,https://www.dh-jac.net/db/nishikie/025-C003-007/2021d7/,['江戸'],True,032.jpg
「江戸名所道化盡」「七」「新シ橋の大風」,"[(1, 3, 'PLACE'), (13, 16, 'PLACE')]",江戸  名所案内記  図絵, 広景,https://data.ukiyo-e.org/metro/images/025-C003-008.jpg,https://www.dh-jac.net/db/nishikie/025-C003-008/2021d7/,['江戸'],True,033.jpg
「江戸名所道外盡」「八」「隅田堤の弥生」,"[(1, 3, 'PLACE'), (13, 16, 'PLACE')]", 江戸  名所案内記  図絵, 広景,https://data.ukiyo-e.org/metro/images/025-C003-009.jpg,https://www.dh-jac.net/db/nishikie/025-C003-009/2021d7/,['江戸'],True,034.jpg
「江戸名所道化盡」「九」「湯嶋天神の臺」,"[(1, 3, 'PLACE'), (13, 17, 'PLACE')]", 江戸  名所案内記  図絵 ,広景,https://data.ukiyo-e.org/metro/images/025-C003-010.jpg,https://www.dh-jac.net/db/nishikie/025-C003-010/2021d7/,['江戸'],True,035.jpg
「江戸名所道外尽」「十」「外神田佐久間町」,"[(1, 3, 'PLACE'), (13, 20, 'PLACE')]", 名所絵  戯画  名所案内記  図絵, 広景 ,https://data.ukiyo-e.org/metro/images/025-C003-011.jpg,https://www.dh-jac.net/db/nishikie/025-C003-011/2021d7/,['江戸'],True,036.jpg
「江戸名所道戯盡」「十三」「鎧のわたし七夕祭」,"[(1, 3, 'PLACE'), (14, 19, 'PLACE')]", 名所案内記  図絵, 広景,https://data.ukiyo-e.org/metro/images/025-C003-014.jpg,https://www.dh-jac.net/db/nishikie/025-C003-014/2021d7/,['江戸'],True,037.jpg
「江戸名所道戯盡」「十四」「芝赤羽はしの雪中」,"[(1, 3, 'PLACE'), (14, 19, 'PLACE')]", 江戸  名所案内記  図絵, 広景,https://data.ukiyo-e.org/metro/images/025-C003-015.jpg,https://www.dh-jac.net/db/nishikie/025-C003-015/2021d7/,['江戸'],True,038.jpg
「江戸名所道戯盡」「十六」「王子狐火」,"[(1, 3, 'PLACE')]", 江戸  名所案内記  図絵, 広景,https://data.ukiyo-e.org/metro/images/025-C003-017.jpg,https://www.dh-jac.net/db/nishikie/025-C003-017/2021d7/,['江戸'],True,039.jpg
「江戸名所道化盡」「十七」「通壹丁目祇園會」,"[(1, 3, 'PLACE'), (14, 20, 'PLACE')]", 江戸  名所案内記  図絵, 広景,https://data.ukiyo-e.org/metro/images/025-C003-018.jpg,https://www.dh-jac.net/db/nishikie/025-C003-018/2021d7/,['江戸'],True,040.jpg
「江戸名所道外盡」「二十」「道灌山虫聞」,"[(1, 3, 'PLACE'), (14, 17, 'PLACE')]", 江戸  名所案内記  図絵  , 広景,https://data.ukiyo-e.org/metro/images/025-C003-021.jpg,https://www.dh-jac.net/db/nishikie/025-C003-021/2021d7/,['江戸'],True,041.jpg
「江戸名所道外盡」「廿四」「数寄屋かし」,"[(1, 3, 'PLACE'), (14, 19, 'PLACE')]", 江戸  名所案内記  図絵 , 広景,https://data.ukiyo-e.org/metro/images/025-C003-025.jpg,https://www.dh-jac.net/db/nishikie/025-C003-025/2021d7/,['江戸'],True,042.jpg
「江戸名所道戯盡」「三十五」「吾嬬の森梅見もとり」,"[(1, 3, 'PLACE'), (14, 17, 'PLACE')]", 江戸  名所案内記  図絵, 広景,https://data.ukiyo-e.org/metro/images/025-C003-036.jpg,https://www.dh-jac.net/db/nishikie/025-C003-036/2021d7/,['江戸'],True,043.jpg
「江戸名所張交図會」「浅草金龍山」「三囲」「雷門」「すみた川」「向嶋花屋鋪」,"[(1, 3, 'PLACE'), (11, 16, 'PLACE'), (18, 20, 'PLACE'), (22, 24, 'PLACE'), (26, 30, 'PLACE'), (32, 37, 'PLACE')]", 江戸  名所案内記  図絵, 広重,https://data.ukiyo-e.org/metro/images/025-C004.jpg,https://www.dh-jac.net/db/nishikie/025-C004/2021d7/,['江戸'],True,044.jpg
「江戸廼花名勝會」「五番組」「ま」「赤坂」「赤坂奴凧平　尾上多見蔵」「赤坂御門外」,"[(1, 3, 'PLACE'), (18, 20, 'PLACE'), (22, 24, 'PLACE'), (35, 37, 'PLACE')]", 江戸  名所  品物,豊国,https://data.ukiyo-e.org/metro/images/026-C001-004.jpg,https://www.dh-jac.net/db/nishikie/026-C001-004/2021d7/,['江戸'],True,045.jpg
「江戸の華名勝會」「五番組」「ま」「三河臺」「三河臺　氷川神社」「関東小六　市川市蔵」,"[(1, 3, 'PLACE'), (18, 21, 'PLACE'), (23, 26, 'PLACE'), (27, 31, 'PLACE')]", 江戸  名所  品物, 春海、豊国,https://data.ukiyo-e.org/metro/images/026-C001-010.jpg,https://www.dh-jac.net/db/nishikie/026-C001-010/2021d7/,['江戸'],True,046.jpg
「東海道五十三次」  「三十八」「藤川」,"[(1, 4, 'PLACE'), (17, 19, 'PLACE')]", 名所絵  五十三次  美人画, 北斎,https://www.arc.ritsumei.ac.jp/archive01/theater/image/PB/PVT/Ebi/Prints/Ebi0043.jpg,https://www.dh-jac.net/db/nishikie/Ebi0043/2021d7/,['東海道'],True,047.jpg
「名所江戸百景」  「猿わか町よるの景」,"[(3, 5, 'PLACE'), (11, 15, 'PLACE')]", 名所絵 劇場図, 広重,https://www.arc.ritsumei.ac.jp/archive01/theater/image/PB/PVT/Ebi/Prints/Ebi0305.jpg,https://www.dh-jac.net/db/nishikie/Ebi0305/2021d7/,['江戸'],True,048.jpg
「江戸名所図会」  「卅二」「三十三間堂」「曽我五郎時宗」,"[(1, 3, 'PLACE'), (15, 20, 'PLACE')]",  役者絵  名所絵 ,豊国,https://www.arc.ritsumei.ac.jp/archive01/theater/image/PB/PVT/Ebi/Prints/Ebi0348.jpg,https://www.dh-jac.net/db/nishikie/Ebi0348/2021d7/,['江戸'],True,049.jpg
「江戸名所　百人美女」  「今川はし」,"[(1, 3, 'PLACE'), (14, 18, 'PLACE')]", 美人画  名所絵 , 豊国,https://www.arc.ritsumei.ac.jp/archive01/theater/image/PB/PVT/Ebi/Prints/Ebi0597.jpg,https://www.dh-jac.net/db/nishikie/Ebi0597/2021d7/,['江戸'],True,050.jpg
 「東海道五十三次の内」  「戸塚藤沢間」「吉田橋」「松若」,"[(2, 4, 'PLACE'), (15, 19, 'PLACE'), (22, 25, 'PLACE'), (27, 29, 'PLACE')]", 役者絵  名所絵  見立絵  東海道 , 豊国,https://www.rekihaku.ac.jp/GAZO/nishikie/shosai/133731531735/045.jpg,https://www.dh-jac.net/db/nishikie/H-22-1-1-119/2021d7/,['東海道'],True,051.jpg
 「江戸名所百人美女」  「今戸」,"[(2, 4, 'PLACE'), (14, 16, 'PLACE')]", 美人画  名所絵  江戸名所, 豊国,https://www.rekihaku.ac.jp/GAZO/nishikie/shosai/133731531735/076.jpg,https://www.dh-jac.net/db/nishikie/H-22-1-1-151/2021d7/,['江戸'],True,052.jpg
 「東海道」 「程ケ谷戸塚間」「権太坂」「いがみ」,"[(2, 5, 'PLACE'), (8, 13, 'PLACE'), (16, 19, 'PLACE')]", 役者絵  名所絵  見立絵  木曽街道, 豊国,https://www.rekihaku.ac.jp/GAZO/nishikie/shosai/133731534433/009.jpg,https://www.dh-jac.net/db/nishikie/H-22-1-1-183/2021d7/,['東海道'],True,053.jpg
 「江戸自慢三十六興」  「落合　ほたる」,"[(2, 4, 'PLACE'), (14, 16, 'PLACE')]", 役者絵  見立絵  名所絵 , 豊国,https://www.rekihaku.ac.jp/GAZO/nishikie/shosai/133731534434/066.jpg,https://www.dh-jac.net/db/nishikie/H-22-1-1-288/2021d7/,['江戸'],True,054.jpg
 「東海道五十三次之内」  「御油」「其二」「山本勘助母」,"[(2, 5, 'PLACE'), (15, 17, 'PLACE')]", 役者絵  名所絵  舞台姿  見立絵 , 豊国,https://www.rekihaku.ac.jp/GAZO/nishikie/shosai/133731534597/060.jpg,https://www.dh-jac.net/db/nishikie/H-22-1-1-375/2021d7/,['東海道'],True,055.jpg
「東海道」「大津三井寺」,"[(1, 4, 'PLACE'), (6, 11, 'PLACE')]", 役者絵  名所絵  見立絵  東海道, 豊国,https://www.rekihaku.ac.jp/GAZO/nishikie/shosai/133731531735/024.jpg,https://www.dh-jac.net/db/nishikie/H-22-1-1-99/2021d7/,['東海道'],True,056.jpg
「東海道名所之内」  「深草乃里」「少将つか」「せう／＼さくら」「元政寺」,"[(1, 4, 'PLACE'), (12, 16, 'PLACE'), (33, 36, 'PLACE')]", 名所絵  時局絵  神社  尊皇攘夷, 芳艶,https://www.rekihaku.ac.jp/GAZO/nishikie/shosai/133731534606/094.jpg,https://www.dh-jac.net/db/nishikie/H-22-1-13-2(1)/2021d7/,['東海道'],True,057.jpg
「東海道名所之内」  「淀川」,"[(1, 4, 'PLACE'), (12, 14, 'PLACE')]",名所絵  時局絵  東海道  将軍上洛, 芳艶,https://www.rekihaku.ac.jp/GAZO/nishikie/shosai/133731534606/097.jpg,https://www.dh-jac.net/db/nishikie/H-22-1-13-4/2021d7/,['東海道'],True,058.jpg
 「東海道」  「浜松」,"[(2, 5, 'PLACE'), (9, 11, 'PLACE')]", 時局絵  名所絵  東海道  将軍上洛 , 芳盛,https://www.rekihaku.ac.jp/GAZO/nishikie/shosai/133731534607/050.jpg,https://www.dh-jac.net/db/nishikie/H-22-1-17-2/2021d7/,['東海道'],True,059.jpg
 「東海道之内」  「岡部」,"[(2, 5, 'PLACE'), (11, 13, 'PLACE')]", 時局絵  名所絵  東海道  将軍上洛, 芳盛,https://www.rekihaku.ac.jp/GAZO/nishikie/shosai/133731534607/051.jpg,https://www.dh-jac.net/db/nishikie/H-22-1-17-3/2021d7/,['東海道'],True,060.jpg
 「東海道名所之内」  「豊川」,"[(2, 5, 'PLACE'), (13, 15, 'PLACE')]", 時局絵  名所絵  東海道  将軍上洛 , 芳盛,https://www.rekihaku.ac.jp/GAZO/nishikie/shosai/133731534607/052.jpg,https://www.dh-jac.net/db/nishikie/H-22-1-17-4/2021d7/,['東海道'],True,061.jpg
 「東海道」  「島田」,"[(2, 5, 'PLACE'), (9, 11, 'PLACE')]",名所絵  時局絵  東海道  将軍上洛,国周,https://www.rekihaku.ac.jp/GAZO/nishikie/shosai/133731534608/079.jpg,https://www.dh-jac.net/db/nishikie/H-22-1-18-88/2021d7/,['東海道'],True,062.jpg
 「江戸の花名勝会」  「り」「十番組」「一ツ家の賤の女　尾上菊次郎」「浅茅が原衣掛松」,"[(2, 4, 'PLACE'), (36, 40, 'PLACE')]", 名所絵  東京名所, 豊重,https://www.rekihaku.ac.jp/GAZO/nishikie/shosai/133731624883/060.jpg,https://www.dh-jac.net/db/nishikie/H-22-1-21-80/2021d7/,['江戸'],True,063.jpg
「江戸の花名勝会」  「ち」「十番組」「一ツ家の姥　市川海老蔵」「猿若芝居町」,"[(1, 3, 'PLACE'), (33, 38, 'PLACE')]",  時局絵  戊辰戦争, 不詳,https://www.rekihaku.ac.jp/GAZO/nishikie/shosai/133731624883/063.jpg,https://www.dh-jac.net/db/nishikie/H-22-1-22-1(1)/2021d7/,['江戸'],True,064.jpg
 「東海道」  「土山」「鈴ヶ山坂ノ下」,"[(2, 5, 'PLACE'), (9, 11, 'PLACE'), (13, 19, 'PLACE')]", 武者絵・歴史画  名所絵  徳川将軍家  東京名所, 暁斎、豊二,https://www.rekihaku.ac.jp/GAZO/nishikie/shosai/133731624884/090.jpg,https://www.dh-jac.net/db/nishikie/H-22-1-25-16/2021d7/,['東海道'],True,065.jpg
「見立十二支」  「辰」「深川八幡」「富士」,"[(13, 17, 'PLACE'), (19, 21, 'PLACE')]", 名所絵  東京名所, 清親,https://www.rekihaku.ac.jp/GAZO/nishikie/shosai/133731624884/079.jpg,https://www.dh-jac.net/db/nishikie/H-22-1-25-5(1)/2021d7/,['富士'],True,066.jpg
 「東海道五拾三次之内」  「大尾」「京師」「三条大橋」,"[(2, 5, 'PLACE'), (19, 21, 'PLACE'), (23, 27, 'PLACE')]", 美人画  名所絵  市井美人  東京名所, 周延、延弘,https://www.rekihaku.ac.jp/GAZO/nishikie/shosai/133731624885/030.jpg,https://www.dh-jac.net/db/nishikie/H-22-1-26-25/2021d7/,['東海道'],True,067.jpg
 「東海道五拾三次之内」  「日本橋」「行烈振出」,"[(2, 5, 'PLACE'), (15, 18, 'PLACE')]",美人画  名所絵  市井美人  東京名所, 周延、延房,https://www.rekihaku.ac.jp/GAZO/nishikie/shosai/133731624885/033.jpg,https://www.dh-jac.net/db/nishikie/H-22-1-26-28/2021d7/,['東海道'],True,068.jpg
 「東海道五拾三次之内」  「四日市」「三重川」,"[(2, 5, 'PLACE'), (15, 18, 'PLACE'), (20, 23, 'PLACE')]", 美人画  名所絵  市井美人  東京名所, 周延、延興,https://www.rekihaku.ac.jp/GAZO/nishikie/shosai/133731624885/038.jpg,https://www.dh-jac.net/db/nishikie/H-22-1-26-33/2021d7/,['東海道'],True,069.jpg
 「東海道五拾三次之内」  「大津」「走井茶屋」,"[(2, 5, 'PLACE'), (15, 17, 'PLACE'), (19, 21, 'PLACE')]", 名所絵  東海道,広重,https://www.rekihaku.ac.jp/GAZO/nishikie/shosai/133731534598/045.jpg,https://www.dh-jac.net/db/nishikie/H-22-1-3-10/2021d7/,['東海道'],True,070.jpg
 「東海道五拾三次之内」  「平塚」「縄手道」,"[(2, 5, 'PLACE'), (15, 17, 'PLACE'), (19, 22, 'PLACE')]",名所絵  東海道 ,広重,https://www.rekihaku.ac.jp/GAZO/nishikie/shosai/133731534598/046.jpg,https://www.dh-jac.net/db/nishikie/H-22-1-3-11/2021d7/,['東海道'],True,071.jpg
 「東海道五拾三次之内」  「土山」「春之雨」,"[(2, 5, 'PLACE'), (15, 17, 'PLACE')]", 名所絵  東海道, 広重,https://www.rekihaku.ac.jp/GAZO/nishikie/shosai/133731534598/047.jpg,https://www.dh-jac.net/db/nishikie/H-22-1-3-12/2021d7/,['東海道'],True,072.jpg
 「東海道五拾三次之内」  「日坂」「佐夜ノ中山」,"[(2, 5, 'PLACE'), (15, 17, 'PLACE'), (19, 24, 'PLACE')]",名所絵  東海道 , 広重,https://www.rekihaku.ac.jp/GAZO/nishikie/shosai/133731534598/049.jpg,https://www.dh-jac.net/db/nishikie/H-22-1-3-14/2021d7/,['東海道'],True,073.jpg
「東海道五拾三次之内」  「庄野」「白雨」,"[(2, 5, 'PLACE'), (15, 17, 'PLACE')]", 名所絵  東海道,広重,https://www.rekihaku.ac.jp/GAZO/nishikie/shosai/133731534598/051.jpg,https://www.dh-jac.net/db/nishikie/H-22-1-3-16/2021d7/,['東海道'],True,074.jpg
 「江戸名所」  「両国花火」,"[(2, 4, 'PLACE'), (10, 12, 'PLACE')]", 名所絵  東海道, 広重,https://www.rekihaku.ac.jp/GAZO/nishikie/shosai/133731534598/053.jpg,https://www.dh-jac.net/db/nishikie/H-22-1-3-18/2021d7/,['江戸'],True,075.jpg
 「江戸名所」  「芝増上寺前の景」,"[(2, 4, 'PLACE'), (11, 14, 'PLACE')]", 名所絵  東海道 , 広重,https://www.rekihaku.ac.jp/GAZO/nishikie/shosai/133731534598/056.jpg,https://www.dh-jac.net/db/nishikie/H-22-1-3-21/2021d7/,['江戸'],True,076.jpg
 「東海道五拾三次之内」  「袋井」「出茶屋ノ図」,"[(2, 5, 'PLACE'), (15, 17, 'PLACE'), (19, 22, 'PLACE')]",  武者絵・歴史画  名所絵  神仏説話  江戸名所, 広重,https://www.rekihaku.ac.jp/GAZO/nishikie/shosai/133731534598/068.jpg,https://www.dh-jac.net/db/nishikie/H-22-1-3-33/2021d7/,['東海道'],True,077.jpg
 「東海道五拾三次之内」  「原」「朝之富士」,"[(2, 5, 'PLACE'), (15, 16, 'PLACE'), (20, 22, 'PLACE')]",名所絵  東京名所, 広重,https://www.rekihaku.ac.jp/GAZO/nishikie/shosai/133731534599/009.jpg,https://www.dh-jac.net/db/nishikie/H-22-1-3-61(2)/2021d7/,"['東海道', '富士']",True,078.jpg
「東海道五拾三次之内」  「見附」「天竜川図」,"[(1, 4, 'PLACE'), (14, 16, 'PLACE'), (18, 22, 'PLACE')]", 名所絵  東京名所,広重,https://www.rekihaku.ac.jp/GAZO/nishikie/shosai/133731534599/019.jpg,https://www.dh-jac.net/db/nishikie/H-22-1-3-66/2021d7/,['東海道'],True,079.jpg
 「東海道之内」  「関」,"[(2, 5, 'PLACE')]", 名所絵  諸国名所  石版画, 錦泉,https://www.rekihaku.ac.jp/GAZO/nishikie/shosai/133731624889/076.jpg,https://www.dh-jac.net/db/nishikie/H-22-1-30-11-8/2021d7/,['東海道'],True,080.jpg
 「名所江戸百景」  「鎧の渡し　小網町」,"[(4, 6, 'PLACE'), (16, 20, 'PLACE')]",名所絵  時局絵  東海道  将軍上洛, 国貞,https://www.rekihaku.ac.jp/GAZO/nishikie/shosai/133731534603/002.jpg,https://www.dh-jac.net/db/nishikie/H-22-1-5-171/2021d7/,['江戸'],True,081.jpg
「富士三十六景」  「東都佃沖」,"[(1, 3, 'PLACE'), (11, 14, 'PLACE')]", 名所絵 ,北斎,http://lapis.nichibun.ac.jp/image?did=14&pic=0&fid=00821v.jpg,https://www.dh-jac.net/db/nishikie/LOC00821/2021d7/,['富士'],True,082.jpg
「江戸名所之内」  「真乳山」,"[(1, 3, 'PLACE'), (11, 14, 'PLACE')]",, 広重,http://lapis.nichibun.ac.jp/image?did=14&pic=0&fid=00852v.jpg,https://www.dh-jac.net/db/nishikie/LOC00852/2021d7/,['江戸'],True,083.jpg
「名所江戸百景」  「千住の大はし」,"[(3, 5, 'PLACE'), (11, 17, 'PLACE')]",, 広重,http://lapis.nichibun.ac.jp/image?did=14&pic=0&fid=01292v.jpg,https://www.dh-jac.net/db/nishikie/LOC01292/2021d7/,['江戸'],True,084.jpg
